Query	Penalty
1	76.98742579
2	0
3	206.7416345
4	56.05337961
5	39.9483195
6	79.74554604
7	42.87618196
8	48.96732873
9	60.17833832
10	0
11	0
12	53.30036748
13	70.06617169
14	61.76093817
15	62.05958667
16	0
17	50.00380243
18	0
19	47.23125234
20	84.11929491
21	94.38300188
22	77.06597879