{
    "query": "q1-customer.sql",
    "mi": 0.125,
    "step1": 4.476231813430786,
    "step2": 0.5754663944244385,
    "step3": 1.7125029563903809
}