{
    "query": "q1-customer.sql",
    "mi": 0.125,
    "step1": 13.468676090240479,
    "step2": 0.5445530414581299,
    "step3": 1.671910285949707
}