{
    "query": "q12-customer.sql",
    "mi": 0.125,
    "step1": 10.66593313217163,
    "step2": 0.21523785591125488,
    "step3": 1.4716100692749023
}