{
    "query": "q12-customer.sql",
    "mi": 0.125,
    "step1": 3.4690489768981934,
    "step2": 0.27893495559692383,
    "step3": 1.6659870147705078
}