{
    "query": "q13-customer.sql",
    "mi": 0.125,
    "step1": 3.9181413650512695,
    "step2": 0.553502082824707,
    "step3": 1.6814332008361816
}