{
    "query": "q13-customer.sql",
    "mi": 0.125,
    "step1": 15.714779138565063,
    "step2": 0.5677680969238281,
    "step3": 1.576848030090332
}