{
    "query": "q14-customer.sql",
    "mi": 0.125,
    "step1": 8.917873859405518,
    "step2": 0.16713690757751465,
    "step3": 1.5733978748321533
}