{
    "query": "q14-customer.sql",
    "mi": 0.125,
    "step1": 3.1583220958709717,
    "step2": 0.18367385864257812,
    "step3": 1.616523027420044
}