{
    "query": "q15-customer.sql",
    "mi": 0.125,
    "step1": 10.29062294960022,
    "step2": 0.24220895767211914,
    "step3": 1.5894889831542969
}