{
    "query": "q15-customer.sql",
    "mi": 0.125,
    "step1": 3.2563719749450684,
    "step2": 0.24817490577697754,
    "step3": 1.6398289203643799
}