{
    "query": "q17-customer.sql",
    "mi": 0.125,
    "step1": 9.483386993408203,
    "step2": 0.16628599166870117,
    "step3": 4.491675138473511
}