{
    "query": "q17-customer.sql",
    "mi": 0.125,
    "step1": 3.271195888519287,
    "step2": 0.21719574928283691,
    "step3": 1.6465630531311035
}