{
    "query": "q19-customer.sql",
    "mi": 0.125,
    "step1": 3.7458717823028564,
    "step2": 0.17627406120300293,
    "step3": 1.8154728412628174
}