{
    "query": "q19-customer.sql",
    "mi": 0.125,
    "step1": 11.463248014450073,
    "step2": 0.16022610664367676,
    "step3": 4.493734836578369
}