{
    "query": "q20-customer.sql",
    "mi": 0.125,
    "step1": 3.3669488430023193,
    "step2": 0.31467199325561523,
    "step3": 1.7437410354614258
}