{
    "query": "q20-customer.sql",
    "mi": 0.125,
    "step1": 10.531848192214966,
    "step2": 0.2875990867614746,
    "step3": 1.6045708656311035
}