{
    "query": "q21-customer.sql",
    "mi": 0.125,
    "step1": 33.36803412437439,
    "step2": 0.6919310092926025,
    "step3": 1.7643239498138428
}