{
    "query": "q21-customer.sql",
    "mi": 0.125,
    "step1": 6.380774259567261,
    "step2": 0.5916891098022461,
    "step3": 1.8128702640533447
}