{
    "query": "q22-customer.sql",
    "mi": 0.125,
    "step1": 3.0907790660858154,
    "step2": 0.4124622344970703,
    "step3": 1.72540283203125
}