{
    "query": "q22-customer.sql",
    "mi": 0.125,
    "step1": 9.286730766296387,
    "step2": 0.33606886863708496,
    "step3": 1.6103870868682861
}