{
    "query": "q3-customer.sql",
    "mi": 0.125,
    "step1": 10.713413953781128,
    "step2": 3.7216808795928955,
    "step3": 3.0750160217285156
}