{
    "query": "q3-customer.sql",
    "mi": 0.125,
    "step1": 3.8396191596984863,
    "step2": 0.5756642818450928,
    "step3": 2.2255468368530273
}