{
    "query": "q4-customer.sql",
    "mi": 0.125,
    "step1": 3.387974977493286,
    "step2": 0.28322720527648926,
    "step3": 1.7129123210906982
}