{
    "query": "q4-customer.sql",
    "mi": 0.125,
    "step1": 10.471243858337402,
    "step2": 0.20625615119934082,
    "step3": 1.6025397777557373
}