{
    "query": "q5-customer.sql",
    "mi": 0.125,
    "step1": 8.70433521270752,
    "step2": 0.20976829528808594,
    "step3": 1.600862979888916
}