{
    "query": "q5-customer.sql",
    "mi": 0.125,
    "step1": 3.147533893585205,
    "step2": 0.3053159713745117,
    "step3": 1.6806540489196777
}