{
    "query": "q6-customer.sql",
    "mi": 0.125,
    "step1": 3.1851930618286133,
    "step2": 0.19328999519348145,
    "step3": 4.552430868148804
}