{
    "query": "q6-customer.sql",
    "mi": 0.125,
    "step1": 8.902975082397461,
    "step2": 0.15771698951721191,
    "step3": 4.524842977523804
}