{
    "query": "q7-customer.sql",
    "mi": 0.125,
    "step1": 3.4016480445861816,
    "step2": 0.23537683486938477,
    "step3": 1.6516611576080322
}