{
    "query": "q7-customer.sql",
    "mi": 0.125,
    "step1": 10.78896188735962,
    "step2": 0.20014381408691406,
    "step3": 1.4810948371887207
}