{
    "query": "q8-customer.sql",
    "mi": 0.125,
    "step1": 3.1771469116210938,
    "step2": 0.199293851852417,
    "step3": 1.641416072845459
}