{
    "query": "q8-customer.sql",
    "mi": 0.125,
    "step1": 9.17359209060669,
    "step2": 0.1704120635986328,
    "step3": 1.581653118133545
}