{
    "query": "q9-customer.sql",
    "mi": 0.125,
    "step1": 14.096315145492554,
    "step2": 1.911336898803711,
    "step3": 2.079981803894043
}