{
    "query": "q9-customer.sql",
    "mi": 0.125,
    "step1": 3.8935179710388184,
    "step2": 1.7714362144470215,
    "step3": 2.112415075302124
}